country_name,Continent,region,capital,area,population,male_life_expectancy,female_life_expectancy,birth_rate,death_rate
Austria,Europe,Western Europe,Vienna,"83,879 km²","8,917,000",78.9,83.6,9.4,10.3
Belgium,Europe,Western Europe,Brussels,"30,530 km²","11,544,000",78.6,83.1,9.9,11.0
France,Europe,Western Europe,Paris,"549,087 km²","67,380,000",79.2,85.3,10.9,9.9
Germany,Europe,Western Europe,Berlin,"357,580 km²","83,161,000",78.6,83.4,9.3,11.9
Liechtenstein,Europe,Western Europe,Vaduz,161 km²,"38,137",80.1,83.6,9.1,8.2
Luxembourg,Europe,Western Europe,Luxembourg,"2,590 km²","630,419",79.4,84.2,10.2,7.3
Netherlands,Europe,Western Europe,Amsterdam,"41,543 km²","17,442,000",79.8,83.1,9.7,9.7
Switzerland,Europe,Western Europe,Bern,"41,290 km²","8,637,000",81.1,85.2,9.9,8.8
Belarus,Europe,Eastern Europe,Беларусь,"207,600 km²","9,380,000",69.3,79.4,9.3,13.0
Bulgaria,Europe,Eastern Europe,Sofia,"111,000 km²","6,934,000",69.9,77.5,8.5,18.0
Czechia,Europe,Eastern Europe,"Česko, Česká republika","78,870 km²","10,698,000",75.3,81.3,10.3,12.1
Hungary,Europe,Eastern Europe,Budapest,"93,030 km²","9,750,000",72.3,79.1,9.6,14.5
Moldova,Europe,Eastern Europe,Moldova,"33,850 km²","2,620,000",67.7,76.3,9.8,11.8
Poland,Europe,Eastern Europe,Warsaw,"312,680 km²","37,899,000",72.6,80.8,9.4,12.6
Romania,Europe,Eastern Europe,Bucharest,"238,400 km²","19,258,000",70.5,78.4,9.2,15.4
Russia,Europe,Eastern Europe,Россия / Rossija,"17,098,250 km²","144,104,000",66.5,76.4,9.8,14.6
Slovakia,Europe,Eastern Europe,Bratislava,"49,030 km²","5,459,000",73.5,80.4,10.4,10.8
Ukraine,Europe,Eastern Europe,Kiev,"603,550 km²","44,135,000",66.4,76.2,7.8,15.9
Denmark,Europe,Northern Europe,Copenhagen,"42,920 km²","5,831,000",79.6,83.6,10.4,9.4
Estonia,Europe,Northern Europe,Tallinn,"45,340 km²","1,329,000",74.2,82.7,9.9,11.9
Finland,Europe,Northern Europe,Helsinki,"338,450 km²","5,530,000",79.4,85.0,8.4,10.0
Iceland,Europe,Northern Europe,Reykjavík,"103,000 km²","366,463",81.7,84.5,12.3,6.3
Ireland,Europe,Northern Europe,Dublin,"70,280 km²","4,986,000",80.4,84.1,11.2,6.4
Latvia,Europe,Northern Europe,Riga,"64,490 km²","1,900,000",70.9,80.1,9.2,15.2
Lithuania,Europe,Northern Europe,Vilnius,"65,286 km²","2,795,000",70.1,80.0,9.0,15.6
Norway,Europe,Northern Europe,Oslo,"385,203 km²","5,379,000",81.6,84.9,9.8,7.5
Sweden,Europe,Northern Europe,Stockholm,"447,430 km²","10,353,000",80.7,84.2,10.9,9.5
United Kingdom,Europe,Northern Europe,United Kingdom,"243,610 km²","67,215,000",79.0,82.9,10.2,10.4
Albania,Europe,Southern Europe,Tirana,"28,750 km²","2,838,000",77.2,80.3,11.5,8.3
Greece,Europe,Southern Europe,Athens,"131,960 km²","10,701,000",78.6,83.7,7.9,12.2
Malta,Europe,Southern Europe,Valletta,320 km²,"515,332",80.8,84.6,8.6,7.9
Montenegro,Europe,Southern Europe,Podgorica,"13,810 km²","621,306",73.2,78.8,11.4,11.7
Portugal,Europe,Southern Europe,Lisbon,"92,226 km²","10,297,000",78.0,84.1,8.2,12.0
Serbia,Europe,Southern Europe,Belgrade,"88,360 km²","6,899,000",71.4,77.2,8.9,16.9
Slovenia,Europe,Southern Europe,Ljubljana,"20,675 km²","2,102,000",77.8,83.4,8.9,11.4
Spain,Europe,Southern Europe,Madrid,"505,935 km²","47,363,000",79.7,85.1,7.1,10.4